aaSeqCDR3,cloneCount,cloneFraction
CASSFRDYYEQYV,2,0.666666667
CASSYSGQGAGELFF,1,0.333333333
CASSFGVMNTEAFF,472,0.030121251
CASSQGKGDTQYF,192,0.012252712
CSAQDRTNEKLFF,183,0.011678366
CASSPGQNEKLFF,102,0.006509253
CASSLGTSGGYEQYF,93,0.005934907
CAWTPLDGVEAFF,93,0.005934907
CASSPNSVKTEAFF,81,0.005169113
CASSSGGLTDTQYF,73,0.004658583
CASSFWNGGTDTQYF,65,0.004148054
CASSVAPSGGAEETQYF,64,0.004084237
CASSERQVREEQYF,57,0.003637524
CASSNRGGLSYEQYF,56,0.003573708
CASSTTGGWTGELFF,46,0.002935546
CASSLTGGADTQYF,45,0.002871729
CASGQLNTGELFF,44,0.002807913
CASTSLRTKAEAFF,41,0.002616465
CASSLDQNEKLFF,39,0.002488832
CASSSVQGMNTEAFF,39,0.002488832
CASSYSAGRTEAFF,39,0.002488832
CASIGPRYGYTF,37,0.0023612
CASSRTGTAETQYF,36,0.002297384
CASSLWEGSYGYTF,35,0.002233567
CASSVESAGGSTDTQYF,34,0.002169751
CSVEGGSFYEQYF,33,0.002105935
CASSRRPDGNTGELFF,31,0.001978302
CASNSAARDGYTF,31,0.001978302
CASSGSAGGFNEQFF,31,0.001978302
CASSSEGDQPQHF,30,0.001914486
CASSTGTGGFGETQYF,30,0.001914486
CASSQDRKTQYF,30,0.001914486
CASSFFDRSGEQYF,28,0.001786854
CSARDTRTGADTQYF,28,0.001786854
CATSDRTETEGYTF,26,0.001659221
CASSYGTSLSTDTQYF,26,0.001659221
CASSLAIRRTEAFF,25,0.001595405
CSARVAGGPRLNEQFF,24,0.001531589
CAWSVLSREEQYF,24,0.001531589
CASAYTYRDRDTDEQYF,23,0.001467773
CASRPVGGGTQYF,23,0.001467773
CASSVETSGAIHEQFF,23,0.001467773
CASSEQGTNSPLHF,23,0.001467773
CASSSQAASGGADTQYF,23,0.001467773
CATVSSNSYEQYF,22,0.001403957
CASSFLGNQPQHF,21,0.00134014
CASTWGLESNNEQFF,21,0.00134014
CASSYSSGSGEQFF,21,0.00134014
CASSFGQLNTEAFF,21,0.00134014
CASSFRGTGELFF,20,0.001276324
CATSDLDIDSNQPQHF,19,0.001212508
CASSEYEQYF,19,0.001212508
CASSQDGQGSDEKLFF,19,0.001212508
CASTGGDRGRSSGNTIYF,18,0.001148692
CASSVEQGLRETQYF,18,0.001148692
CASTRPGLEGGVQYF,18,0.001148692
CASSSTAEREGLETQYF,17,0.001084876
CASSYLGSSEAFF,17,0.001084876
CASSALTMDSVSYNEQFF,17,0.001084876
CASSEDRGQDTQYF,16,0.001021059
CASSQGVGVSGQGASGANVLTF,16,0.001021059
CATGVRYEQYF,16,0.001021059
CASSSRTGQQNEKLFF,16,0.001021059
CASSLEEGSYEQYF,16,0.001021059
CASSHPDREEEQYF,16,0.001021059
CASSFRRGGANEQFF,15,0.000957243
CATSSGTGEVDIQYF,15,0.000957243
CASSHGKSDPSGTDTQYF,15,0.000957243
CASSPQGAGNQPQHF,15,0.000957243
CASSDSTSGADTQYF,15,0.000957243
CASSLAPDRGDSPLHF,15,0.000957243
CASEQGEEAFF,15,0.000957243
CASSRGLAGTYEQYF,14,0.000893427
CASSVGAGGTGELFF,14,0.000893427
CASSVSGGVTDTQYF,14,0.000893427
CASSLAGTYNEQFF,14,0.000893427
CASSQFRGPSYEQYF,14,0.000893427
CASSLYGYEQYF,14,0.000893427
CATSSTGTETGELFF,13,0.000829611
CAIKDVYNEQFF,13,0.000829611
CASSPDRGSQPQHF,13,0.000829611
CASSLDLNEKLFF,13,0.000829611
CSARDAGVGYNEQFF,13,0.000829611
CSASTTGSGTEAFF,13,0.000829611
CASSLGETQYF,13,0.000829611
CASSEAYGHEQYF,13,0.000829611
CASSMFEFREQYF,12,0.000765795
CASSPGKGDPGGTDTQYF,12,0.000765795
CATSDSRQGSFTGELFF,12,0.000765795
CSARESGTDTQYF,12,0.000765795
CSAAGGRNNEQFF,12,0.000765795
CASSQDEVAGGRYTQYF,12,0.000765795
CASSKGANVNEKLFF,12,0.000765795
CASSLGASPRETQYF,12,0.000765795
CASSLGPIVGTEAFF,12,0.000765795
CASSKFPEKLFF,12,0.000765795
CASSGSGTGELFF,11,0.000701978
CSAREGDTEAFF,11,0.000701978
CASSVEGAYTDTQYF,11,0.000701978
CASSDSGVNEQFF,11,0.000701978
CSVVPLSGNEQYF,11,0.000701978
CASRDTGVGNTIYF,11,0.000701978
CASSLDRGRYQPQHF,11,0.000701978
CASSLDPGPGTEAFF,11,0.000701978
CASSFHSLNQPQHF,11,0.000701978
CASSKDRGYEQYF,11,0.000701978
CATSDLGDDNEQFF,11,0.000701978
CASSLSGNGELFF,10,0.000638162
CASSYSAGSGANVLTF,10,0.000638162
CASSPPNQPQHF,10,0.000638162
CSARGDRGLGNTIYF,10,0.000638162
CASSDSAGGTDTQYF,10,0.000638162
CASRPGQGFTEAFF,10,0.000638162
CATSDQRTGYSGELFF,10,0.000638162
CASSVFGEKLFF,10,0.000638162
CAISEPAGGRADTGELFF,10,0.000638162
CASWSSGELFF,9,0.000574346
CASSQVRSGSRTDTQYF,9,0.000574346
CASSYDSGTGELFF,9,0.000574346
CASSERTGKETQYF,9,0.000574346
CASRFGAGEAYEQYF,9,0.000574346
CASSETDRDEKLFF,9,0.000574346
CASSLAGTGRGYTF,9,0.000574346
CASSQEGADQPQHF,9,0.000574346
CASSYGAGRSPLHF,9,0.000574346
CASSLNRGNYGYTF,9,0.000574346
CASSQGPDIS,9,0.000574346
CASEPWDYNEQFF,9,0.000574346
CASRDEAIGSNYGYTF,8,0.00051053
CASSFGLEGTDTQYF,8,0.00051053
CASSFLPDRGDTGELFF,8,0.00051053
CASSPSRGAGYYGYTF,8,0.00051053
CSARDHTGTGNSPLHF,8,0.00051053
CASSEDGGGSGYEQYF,8,0.00051053
CASSIGQAYEQYF,8,0.00051053
CASSLSGSNQPQHF,8,0.00051053
CASSHDSGTGELFF,8,0.00051053
CASSDDLNTEAFF,8,0.00051053
CASSFLFPLHGVWNTEAFF,8,0.00051053
CASSELAGGPDTQYF,8,0.00051053
CASSIASYSNQPQHF,8,0.00051053
CASSQDRTVIGYTF,8,0.00051053
CASSADVNNSPLHF,8,0.00051053
CASSLPGTDEQYF,8,0.00051053
CASFGRPDTQYF,8,0.00051053
CASSRDDRAGGYTF,8,0.00051053
CASSHLDSQETQYF,7,0.000446713
CASSLGQGLGYTF,7,0.000446713
CASSYGWGSYGYTF,7,0.000446713
CASSSPGNTIYF,7,0.000446713
CASSLEGDQPQHF,7,0.000446713
CASSLEGSGRTYEQYF,7,0.000446713
CASSSGTGPYEQYF,7,0.000446713
CATGGVPGEQYF,7,0.000446713
CSAVGEDGTDTQYF,7,0.000446713
CSAPGGRAYGYTF,7,0.000446713
CASSATSDGLEQFF,7,0.000446713
CASISFAPRAGINSYEQYF,7,0.000446713
CASSPWGSGAPSYNEQFF,7,0.000446713
CASSLNFPSGTPTDTQYF,7,0.000446713
CASSEAVSGAQETQYF,7,0.000446713
CASRRTSGPTDTQYF,7,0.000446713
CASSSFSSTDTQYF,7,0.000446713
CASSPPTGKNTEAFF,7,0.000446713
CASTSGGVSYNEQFF,7,0.000446713
CSARDLAGGHSYEQYF,7,0.000446713
CASSLTDSSYEQYV,7,0.000446713
CASSFEGTGYEQYF,7,0.000446713
CASSYVGLRTEAFF,7,0.000446713
CASSLGQAYEQYF,7,0.000446713
CASSLTASGYTF,7,0.000446713
CASSPPRGALHF,7,0.000446713
CATDDQPQHF,7,0.000446713
CASSPEVSGMGVFGYTF,7,0.000446713
CASSSTTLTSSGANVLTF,7,0.000446713
CASSLIDRKNYGYTF,7,0.000446713
CASSHRIAESTNNEQFF,7,0.000446713
CATRYQGFDRNTIYF,6,0.000382897
CASSYGTSTDTQYF,6,0.000382897
CAISEGGGQGETQYF,6,0.000382897
CASRGDRMNTGELFF,6,0.000382897
CASSPPEEAYEQYF,6,0.000382897
CASSLRQGVMNEQFF,6,0.000382897
CASSPWGPFNEQFF,6,0.000382897
CASSFGTGAGYTF,6,0.000382897
CASSIAGEKLFF,6,0.000382897
CASSLGQNTEAFF,6,0.000382897
CASSLLPGQSTKDTEAFF,6,0.000382897
CASSLRTGELFF,6,0.000382897
CASSARGQRYGIGYGYTF,6,0.000382897
CASSYSSSSGSSYNEQFF,6,0.000382897
CASSLILAGGRDTLYF,6,0.000382897
CASSSRTGDRGAEAFF,6,0.000382897
CASSYRREMNTEAFF,6,0.000382897
CASSQDGASGSDEQFF,6,0.000382897
CASSQVTGATYEQYF,6,0.000382897
CASSEGPRNTEAFF,6,0.000382897
CASAQGGLGREAFF,6,0.000382897
CASSEGDRDTGELFF,6,0.000382897
CASSSGTGVSGYTF,6,0.000382897
CASSLDRGTKGYTF,6,0.000382897
CAISGVEDGETQYF,6,0.000382897
CATSGRHTGELFF,6,0.000382897
CASSLQGFYGYTF,6,0.000382897
CASSLVQGEAFF,6,0.000382897
CAWGGEQFF,6,0.000382897
CASRSVALTYTDTQYF,6,0.000382897
CASSQVGGGSNEQFF,6,0.000382897
CASSLFAGSVAHQPQHF,5,0.000319081
CASSLNRAVDNEQFF,5,0.000319081
CASSQEGAETQYF,5,0.000319081
CASSFGAGGGNQPQHF,5,0.000319081
CASSVEARLEETQYF,5,0.000319081
CASSPRSTSGGNEQFF,5,0.000319081
CASSESRVGTETQYF,5,0.000319081
CASSLARFSGGAWGQYF,5,0.000319081
CASRVKRGGFTGELFF,5,0.000319081
CASSLEVRGIGEAFF,5,0.000319081
CAISESTGRDEQFF,5,0.000319081
CASTLDLNTEAFF,5,0.000319081
CSARDHGEEGGELFF,5,0.000319081
CSVDSDRGGYTF,5,0.000319081
CASSQGRADPAGTDTQYF,5,0.000319081
CSVEEGLAGETDTQYF,5,0.000319081
CSVEELELGTGELFF,5,0.000319081
CASSEPGVTEAFF,5,0.000319081
CAISELTRDIHSGANVLTF,5,0.000319081
CASSHGQGMLGKTQYF,5,0.000319081
CASSFTAVNTDTQYF,5,0.000319081
CASSPEEEIFDEQYF,5,0.000319081
CASSPHVSLRVGGYTF,5,0.000319081
CASSRTRGENEKLFF,5,0.000319081
CASSQDPDSGNTIYF,5,0.000319081
CASSPDRVREPQHF,5,0.000319081
CASSPTGSTDTQYF,5,0.000319081
CASSTSGANYGYTF,5,0.000319081
CASSRRTGGTEAFF,5,0.000319081
CAWSIGTGEAKNIQYF,5,0.000319081
CASSVGGAANGYTF,5,0.000319081
CASSLSAGTKLFF,5,0.000319081
CSVMDASEGAKNIQYF,5,0.000319081
CSARDWVAGVQETQYF,5,0.000319081
CASSYREVFHEQYF,5,0.000319081
CASSDPGLDEQYF,5,0.000319081
CASSFDRVEQYF,5,0.000319081
CASSLAVYNEQFF,5,0.000319081
CASGQGGSTEAFF,5,0.000319081
CSARTSAGESETQYF,5,0.000319081
CSVRSPLWGTEAFF,5,0.000319081
CSVKREDSNEKLFF,5,0.000319081
CATQVSGTQYF,5,0.000319081
CSAREREYNEQFF,5,0.000319081
CASSLVSTGELFF,5,0.000319081
CASSVDVAHSLGEQFF,5,0.000319081
CASSFGQMNTEAFF,5,0.000319081
CASSLASNVADTQYF,5,0.000319081
CASSIQGPRGEQYF,5,0.000319081
CATSDPGQGWTSTDTQYF,5,0.000319081
CASSDFIERQGYYGYTF,5,0.000319081
CASSLKRGNTGTQYF,5,0.000319081
CASSPGLTDYNEQFF,4,0.000255265
CASSVVNGYRNEQFF,4,0.000255265
CATSAEGRGSDTQYF,4,0.000255265
CASWNSRRNYGYTF,4,0.000255265
CASSARGPGELFF,4,0.000255265
CSARGVAVPSNEQFF,4,0.000255265
CASSIGDIQYF,4,0.000255265
CASSPQGQGNQPQHF,4,0.000255265
CASSLWDPRNTGELFF,4,0.000255265
CASSYRGTGELFF,4,0.000255265
CASSLETSPGDTQYF,4,0.000255265
CASSLLGDEKLFF,4,0.000255265
CASSLWTTGSQDTQYF,4,0.000255265
CASSFLRGGDVREQFF,4,0.000255265
CASSPRTDPSNNEKLFF,4,0.000255265
CASSLVSGGLQDTQYF,4,0.000255265
CASSEAGARTGNTIYF,4,0.000255265
CASSEPRLSGADTQYF,4,0.000255265
CASVWTGTGITDTQYF,4,0.000255265
CASSDFGRGRNEQFF,4,0.000255265
CASSQDQVAGPYEQYF,4,0.000255265
CASSVETSGEETQYF,4,0.000255265
CASSFQGRNSDTQYF,4,0.000255265
CASSPSWGRDGNEQFF,4,0.000255265
CASSSREANTDTQYF,4,0.000255265
CASSPLFWGGYNEQFF,4,0.000255265
CASSQDSSSGANVLTF,4,0.000255265
CASSLEAGTSYGYTF,4,0.000255265
CASSPTSGGNNEQFF,4,0.000255265
CASSADRAVNGYTF,4,0.000255265
CASSPLGNNQPQHF,4,0.000255265
CASRPGSSYNEQFF,4,0.000255265
CASSYSVSGIEKLFF,4,0.000255265
CASSYDYRDNEKLFF,4,0.000255265
CASSLQDSYNEQFF,4,0.000255265
CASSVADRTDTQYF,4,0.000255265
CASSPAGTNYGYTF,4,0.000255265
CASSFGTANTEAFF,4,0.000255265
CAISEEGSGEKLFF,4,0.000255265
CASSVSGGTDTQYF,4,0.000255265
CASSVTGAGNEQFF,4,0.000255265
CSARDVSGRMSYGYTF,4,0.000255265
CASSPNRAGEQYF,4,0.000255265
CASSENEGRNEQYF,4,0.000255265
CATLTLKGTDTQYF,4,0.000255265
CSATGGTGANSPLHF,4,0.000255265
CASSLEGGRGYTF,4,0.000255265
CSALGTSGVMETQYF,4,0.000255265
CASSLDVNYGYTF,4,0.000255265
CASSLPSPEQFF,4,0.000255265
CSARDRDHLSYEQYF,4,0.000255265
CASSPPSDEQFF,4,0.000255265
CASRTSSGKEAFF,4,0.000255265
CASSLSDGGEAFF,4,0.000255265
CASGDGSSYEQYF,4,0.000255265
CASSVSGQAEAFF,4,0.000255265
CAWKGAGQGLETQYF,4,0.000255265
CATSTGIYGYTF,4,0.000255265
CASSLPGETQYF,4,0.000255265
CSARFGGAGTEAFF,4,0.000255265
CSARASGGRETQYF,4,0.000255265
CASSLQNYGYTF,4,0.000255265
CASRTSTDTQYF,4,0.000255265
CSVGAGGTNEKLFF,4,0.000255265
CAWNLGQINTEAFF,4,0.000255265
CSVEDLSLEETQYF,4,0.000255265
CSVEYTGADTQYF,4,0.000255265
CASSPNYSNQPQHF,4,0.000255265
CASSPPDRPNTGELFF,4,0.000255265
CASSMGMEANQPQHF,4,0.000255265
CASTHLVRENTEAFF,4,0.000255265
CASRPTEMNTEAFF,4,0.000255265
CASSVGGENSPLHF,4,0.000255265
CASSLGQGPGNQPQHF,4,0.000255265
CSAVWESSYNEQFF,4,0.000255265
CASSDAVNTEAFF,3,0.000191449
CASSDPTGGEGDEQFF,3,0.000191449
CASSPRQGPNTGELFF,3,0.000191449
CASSQETGNTIYF,3,0.000191449
CASSLRQGLGVTYNEQFF,3,0.000191449
CASSLSGRAQPQHF,3,0.000191449
CASSLVFRGRGYTF,3,0.000191449
CASGASTEGYTF,3,0.000191449
CSARDPWQGSYTF,3,0.000191449
CASSEFSSDRGTEAFF,3,0.000191449
CASRAPRDSGNTIYF,3,0.000191449
CASSFTRGSNQPQHF,3,0.000191449
CASSQPSGANVLTF,3,0.000191449
CASSVWSAADTQYF,3,0.000191449
CASSLRSEGYGYTF,3,0.000191449
CAISELGGAYEQYF,3,0.000191449
CASSFDSSYEQYF,3,0.000191449
CSAPAQGGYEQYF,3,0.000191449
CSVVWTGLEQFF,3,0.000191449
CASSSGSPGDNSPLHF,3,0.000191449
CATSETGQGGLQPQHF,3,0.000191449
CASSQVVASDTQYF,3,0.000191449
CASSLTGPARGYTF,3,0.000191449
CASSFLRGNEQFF,3,0.000191449
CASSESRYEQYF,3,0.000191449
CASGLPGSFGGELFF,3,0.000191449
CASSLTFTSGDNEQFF,3,0.000191449
CASSSRPGTSGRAVTDTQYF,3,0.000191449
CASRPGLAGGQEWDTQYF,3,0.000191449
CASSLGLAGGQSTDTQYF,3,0.000191449
CASSPWTSGRIVSYNEQFF,3,0.000191449
CASSIGTSGGPMWETQYF,3,0.000191449
CASSLPGWQDNTGELFF,3,0.000191449
CASSLAWLAANTGELFF,3,0.000191449
CASSYTGTSGSRRNEQFF,3,0.000191449
CASSKTGPYLSYEQYF,3,0.000191449
CASSQGPGLAGTGELFF,3,0.000191449
CASSRDQATRRNEKLFF,3,0.000191449
CASSLVGSGMGDEQFF,3,0.000191449
CASSPRDRVNTGELFF,3,0.000191449
CASSQIGQGKSDEQYF,3,0.000191449
CASSYRDPQSSGNTIYF,3,0.000191449
CASSQRLAGQGGTQYF,3,0.000191449
CASTELGLRTGNTIYF,3,0.000191449
CASSLPDEKLGNQPQHF,3,0.000191449
CASSERGLAGLTEQYF,3,0.000191449
CATSGGRTGRIQETQYF,3,0.000191449
CASSKGQQNPLTEAFF,3,0.000191449
CASRRFGPPNEKLFF,3,0.000191449
CASSQGSGIMNTEAFF,3,0.000191449
CASSYKGGGTSYEQYF,3,0.000191449
CASSLNSGGTYEQYF,3,0.000191449
CASSRDRGPGYGYTF,3,0.000191449
CASSLRAWGFEKLFF,3,0.000191449
CASSLAPAGGRETQYF,3,0.000191449
CASSLAGQGASYGYTF,3,0.000191449
CASSLGQGKSSYEQYF,3,0.000191449
CAISSGKSADTGELFF,3,0.000191449
CASSPTARDNGYEQYF,3,0.000191449
CASSYAGQGARETQYF,3,0.000191449
CSAREGEGGLARTNEQFF,3,0.000191449
CASSQVSGSSYEQYF,3,0.000191449
CASSLRTDSYEQYF,3,0.000191449
CASSLEGESNQPQHF,3,0.000191449
CASMGDTSTYEQYF,3,0.000191449
CASSRTEMNTEAFF,3,0.000191449
CASSLAGQVTDTQYF,3,0.000191449
CASSLDSGAQETQYF,3,0.000191449
CASRRTGASGNTIYF,3,0.000191449
CASSIYARSSYEQYF,3,0.000191449
CASSTSVRLGTEQYF,3,0.000191449
CASSGGTGGTGELFF,3,0.000191449
CASSLGGVHTEAFF,3,0.000191449
CASSLGQGGIMSLHF,3,0.000191449
CASTPRGSGYGYTF,3,0.000191449
CASRKLGPSMGYTF,3,0.000191449
CASTMEGPGETQYF,3,0.000191449
CASRAGTGGYGYTF,3,0.000191449
CASTKGSIVQPQHF,3,0.000191449
CASYPGLASDTQYF,3,0.000191449
CASSLGGNTEAFF,3,0.000191449
CASSPAGNTGELFF,3,0.000191449
CASSPVAGVAEQYF,3,0.000191449
CASSLPGPSYGYTF,3,0.000191449
CASSLPGLNEQFF,3,0.000191449
CASSLGQGNTEAFF,3,0.000191449
CASSWDRGAETQYF,3,0.000191449
CASNAGTGSYEQYF,3,0.000191449
CASSLYPWDTEAFF,3,0.000191449
CASSLKGQVYEQYF,3,0.000191449
CASSLGPNYEQYF,3,0.000191449
CASSSMGTDTQYF,3,0.000191449
CASSLDRRNTIYF,3,0.000191449
CASSTTGDINEQFF,3,0.000191449
CASTLTGDNYGYTF,3,0.000191449
CASSVGQAYEQYF,3,0.000191449
CAWSVVWRSLNTEAFF,3,0.000191449
CASSTLAGADTQYF,3,0.000191449
CASSFSKNTEAFF,3,0.000191449
CSARAPPSGGYEQYF,3,0.000191449
CASSITVSYEQYF,3,0.000191449
CASQGPSEGYTF,3,0.000191449
CASSDRAGNTIYF,3,0.000191449
CASSFTRETQYF,3,0.000191449
CATSDLTSGRQFF,3,0.000191449
CASGELYTDTQYF,3,0.000191449
CASTLLRDTQYF,3,0.000191449
CASSYLLTGSQHF,3,0.000191449
CASSSAGGGYTF,3,0.000191449
CSAHVLAGVLYEQYF,3,0.000191449
CASSLDVNTEAFF,3,0.000191449
CASSWDSSYEQYF,3,0.000191449
CASSQLASYEQYF,3,0.000191449
CSAPASGVPYGYTF,3,0.000191449
CASSNRADTQYF,3,0.000191449
CATRQGAAEAFF,3,0.000191449
CASSLFGTGIVF,3,0.000191449
CASSKPAYGYTF,3,0.000191449
CASSFLAEAFF,3,0.000191449
CSALDPSNSPLHF,3,0.000191449
CATSSGRTQYF,3,0.000191449
CASSFSAEAFF,3,0.000191449
CSVEESGDTEAFF,3,0.000191449
CAWMGPLTGELFF,3,0.000191449
CSAAQAGGELFF,3,0.000191449
CASSRDRGNEQFF,3,0.000191449
CASSIPQAGIYEQFF,3,0.000191449
CASSARVPYNEQFF,3,0.000191449
CASSKGQELQETQYF,3,0.000191449
CSATPGTGDNQPQHF,3,0.000191449
CASSQDGAVSPYNEQFF,3,0.000191449
CASSQDGQGTQNYGYTF,3,0.000191449
CASSLEGTGNQPQHF,3,0.000191449
CASSLSGQGWAEAFF,3,0.000191449
CASSPRGVLITEAFF,3,0.000191449
CASSRGRDFEQYF,3,0.000191449
CASRGQGVTGELFF,3,0.000191449
CASSPDGGIPFF,3,0.000191449
CASRSGPYEQYF,3,0.000191449
CASSLGDPTAHSNQPQHF,3,0.000191449
CAWTIPRTSGGFIFETQYF,3,0.000191449
CASSPPGQVFAQPQHF,3,0.000191449
CASRKRRQGGEDEQFF,3,0.000191449
CASSLGSPAYNSPLHF,3,0.000191449
CASSSLDSGSPYEQYF,3,0.000191449
CASSPNSGSRETQYF,3,0.000191449
CAISEGAGGQPEQYF,3,0.000191449
CASSYRRGGEDTQYF,3,0.000191449
CASSSDVNQPQHF,3,0.000191449
CASSLPPGYEQYF,3,0.000191449
CASSLPGEKLFF,3,0.000191449
CASSEGVLGETGELFF,2,0.000127632
CASRLTHLNTEAFF,2,0.000127632
CASSQLLEVPEDIQYF,2,0.000127632
CASSSRDWTSGDPETQYF,2,0.000127632
CATSDLIRGSGQETQYF,2,0.000127632
CASSYSEEVGRRPLHF,2,0.000127632
CASSLWASGYNEQFF,2,0.000127632
CASSPGRGISGQEYF,2,0.000127632
CASSLEAGYTEAFF,2,0.000127632
CASSVDTSSYNEQFF,2,0.000127632
CASSPDRSSSYEQYF,2,0.000127632
CASSLGLQVGNEQFF,2,0.000127632
CASSLTGEGNQPQHF,2,0.000127632
CASSQDPRTDEQYF,2,0.000127632
CASSIDTGPVELFF,2,0.000127632
CASSYGGHTEAFF,2,0.000127632
CASSFHDTDTQYF,2,0.000127632
CASSPSAAEAFF,2,0.000127632
CSASDGTSGYNEQFF,2,0.000127632
CASSMQENTEAFF,2,0.000127632
CASSRESYGYTF,2,0.000127632
CSARGDRDTEAFF,2,0.000127632
CSARDGLSYEQYF,2,0.000127632
CASSLGGGDNQPQHF,2,0.000127632
CASSLGEYRERYGYTF,2,0.000127632
CASSSWDILNNQPQHF,2,0.000127632
CASSGETGGYNEQFF,2,0.000127632
CASSYFGPSTDTQYF,2,0.000127632
CSARDPQLTDLSNEQFF,2,0.000127632
CASSYHPGTGYGYTF,2,0.000127632
CASSGTRGVYNEQFF,2,0.000127632
CASTLTVGNTEAFF,2,0.000127632
CASSVEGTAYEQYF,2,0.000127632
CSAPYEDRDFGEQFF,2,0.000127632
CASSLNGYNEQFF,2,0.000127632
CATGGLSDNEQFF,2,0.000127632
CSARDRDRGIYGYTF,2,0.000127632
CASSARTGELFF,2,0.000127632
CSARAPYSNQPQHF,2,0.000127632
CASRGPRQFF,2,0.000127632
CASSASRWGQNPQETQYF,2,0.000127632
CASSAPSRAGLLETQYF,2,0.000127632
CASSFSGLGGDEQFF,2,0.000127632
CASSLGRGRSNEQFF,2,0.000127632
CASSQARQTYEQYF,2,0.000127632
CASSSSVNTEAFF,2,0.000127632
CASSEPQIEATRALNEKLFF,2,0.000127632
CASSLKGGSRNEQFF,2,0.000127632
CASSHSAGSSGGVNSYEQYF,2,0.000127632
CASSLRQGAPRGEGTGELFF,2,0.000127632
CASSELEGTGGSGANVLTF,2,0.000127632
CASSGLPGRDDGGSNQPQHF,2,0.000127632
CASSSPPGQILTTNEKLFF,2,0.000127632
CASSLGPPRPQLVTGELFF,2,0.000127632
CATSRDRAPLNGGADTQYF,2,0.000127632
CASSLLAGASSYNSPLHF,2,0.000127632
CASSLKIAGGVSGTDTQYF,2,0.000127632
CASSLGRRGPNSYNEQFF,2,0.000127632
CASSEPWTSSGSLVNEQFF,2,0.000127632
CASSPTNVRGANEKLFF,2,0.000127632
CATSRDRRNTYSNQPQHF,2,0.000127632
CASSTVHQGQGGYEQYF,2,0.000127632
CASSQEALRGVLGGELFF,2,0.000127632
CASSRSGGGLKVANEQFF,2,0.000127632
CASSQKPSGGLGNEQFF,2,0.000127632
CASSEWSRERTNTEAFF,2,0.000127632
CASSPQGLAGGTDTQYF,2,0.000127632
CASSEHPRQTGGGTEAFF,2,0.000127632
CASSLGRQGPSYNEQFF,2,0.000127632
CASSEAEAGGTYEQYF,2,0.000127632
CASSARPGTVSNQPQHF,2,0.000127632
CASSVLIGHGSYEQYF,2,0.000127632
CASSLFGRERSDEQYF,2,0.000127632
CASSPVPKLHVSEQFF,2,0.000127632
CASSLDFTEGQETQYF,2,0.000127632
CASSQVGGQGINYGYTF,2,0.000127632
CASSQEWTSGGANEQFF,2,0.000127632
CASSLARQGRSSPLHF,2,0.000127632
CASSERGASSNQPQHF,2,0.000127632
CASSLGLAGDGDTQYF,2,0.000127632
CASSLARGRGGAEAFF,2,0.000127632
CASSFRDPQSSGNTIYF,2,0.000127632
CASSLNPDGGGETQYF,2,0.000127632
CASSDPGGVNNSPLHF,2,0.000127632
CASSESQLATPYEQYF,2,0.000127632
CASRNRERGLNQPQHF,2,0.000127632
CATSSREGQGIYNEQFF,2,0.000127632
CASSQDPAGTIYNEQFF,2,0.000127632
CASSLDGANRDYGYTF,2,0.000127632
CASSFRRDRLLVGGYTF,2,0.000127632
CASSLEGLTTNEKLFF,2,0.000127632
CASSSFGGGTANYGYTF,2,0.000127632
CAIPNAGTLIYNEQFF,2,0.000127632
CASNELAGGLTGELFF,2,0.000127632
CASSEWFGTPRAGELFF,2,0.000127632
CASSNRQVRSGANVLTF,2,0.000127632
CASSRRTGLAGYNEQFF,2,0.000127632
CASSYPTRQGLGTEAFF,2,0.000127632
CASSPVDSASGANVLTF,2,0.000127632
CASSLNWESSYNEQFF,2,0.000127632
CASSSWSGTDSDTQYF,2,0.000127632
CASLPMTSGDYEQYF,2,0.000127632
CASSVVSSGTTDTQYF,2,0.000127632
CASSSSQGKWGEKLFF,2,0.000127632
CAISDGRGRGNYGYTF,2,0.000127632
CASSQDRIVGLYEQYF,2,0.000127632
CASSLPGQGGNSPLHF,2,0.000127632
CASSLTGLPYNEQFF,2,0.000127632
CASSFWAGSQETQYF,2,0.000127632
CASSPRTASSYEQYF,2,0.000127632
CASRPSLATGANVLTF,2,0.000127632
CASSEGPGNQETQYF,2,0.000127632
CASGVRQGANTGELFF,2,0.000127632
CASSLELAGGRDTQYF,2,0.000127632
CASSFDLVAGLEQFF,2,0.000127632
CASSPGWGAGNTIYF,2,0.000127632
CASSPGQGGWETQYF,2,0.000127632
CSARSAGTGKGRDTEAFF,2,0.000127632
CASSRGVTKGIQTQYF,2,0.000127632
CASSRGSGTGAYEQYF,2,0.000127632
CASSLGVSGSYNEQFF,2,0.000127632
CASSPTVSAQGETQYF,2,0.000127632
CASSKLAGNTDTQYF,2,0.000127632
CASSLRRGNTDTQYF,2,0.000127632
CASIPGTPGNGELFF,2,0.000127632
CASSSGQVATNEKLFF,2,0.000127632
CASSQEGRNSYNEQFF,2,0.000127632
CASSLTSGSHHEQFF,2,0.000127632
CASSNGGGGYTEAFF,2,0.000127632
CASSSRTANTGELFF,2,0.000127632
CASSVGGLYQETQYF,2,0.000127632
CSARPTWGTSGLTDTQYF,2,0.000127632
CASILDRGSSYNEQFF,2,0.000127632
CASSVDQLLRQETQYF,2,0.000127632
CASSLLQPTGNEKLFF,2,0.000127632
CASTTLAGGPRNEQFF,2,0.000127632
CASSLEVGAGYNEQFF,2,0.000127632
CAISDLQGVRPDTQYF,2,0.000127632
CAWSVGASGRMGVQTQYF,2,0.000127632
CASSLAGGINYEQYF,2,0.000127632
CASGYQTYSNQPQHF,2,0.000127632
CASPPAGLGGVETQYF,2,0.000127632
CASSRGQGPGTGELFF,2,0.000127632
CASSGTGKEGANVLTF,2,0.000127632
CASSQDVRGLSTEAFF,2,0.000127632
CASSLGVGEGYEQYF,2,0.000127632
CATSDLPGRGYNEQFF,2,0.000127632
CASSRTASLKREAFF,2,0.000127632
CASSQRRALYNSPLHF,2,0.000127632
CASSQDSGGSYNEQFF,2,0.000127632
CASSMGTDNTGELFF,2,0.000127632
CASSEGAGYSTEAFF,2,0.000127632
CASSEAGGGYTDTQYF,2,0.000127632
CASSARGGSGANVLTF,2,0.000127632
CASLQGGSNTDTQYF,2,0.000127632
CASSFTGGRGNEQFF,2,0.000127632
CASSINPGEDYGYTF,2,0.000127632
CASSIFGTHYNEQFF,2,0.000127632
CATGPTGLGQETQYF,2,0.000127632
CASSQPGLPRETQYF,2,0.000127632
CASSLVPGAGEQYF,2,0.000127632
CASSWTGGFDQPQHF,2,0.000127632
CASRARGIGNQPQHF,2,0.000127632
CASTLDRAYTGELFF,2,0.000127632
CASRRDSNLNTEAFF,2,0.000127632
CASSLGQGHAEAFF,2,0.000127632
CSAVSVTGLYSNQPQHF,2,0.000127632
CASSYRGSGANVLTF,2,0.000127632
CASSQALSGEYGYTF,2,0.000127632
CASSLEPSGYGYTF,2,0.000127632
CATDPGRGNSPLHF,2,0.000127632
CSARWLPQAGGTGELFF,2,0.000127632
CASSYSRVANQPQHF,2,0.000127632
CASSIGLGWSTEAFF,2,0.000127632
CASSASKAPSSPLHF,2,0.000127632
CASSPGLAEYNEQFF,2,0.000127632
CASSLGAGSTDTQYF,2,0.000127632
CASTTTSGTYEQYF,2,0.000127632
CASTQQGANTDTQYF,2,0.000127632
CASSIVPGGYQPQHF,2,0.000127632
CASSGRGGHQETQYF,2,0.000127632
CASSHMANSNQPQHF,2,0.000127632
CASARTEMNTEAFF,2,0.000127632
CASRRTEMNTEAFF,2,0.000127632
CSARDLPGLVYADTQYF,2,0.000127632
CASSRGDGTSYEQYF,2,0.000127632
CASSPSGRKETQYF,2,0.000127632
CASSQGINSNQPQHF,2,0.000127632
CASSQDQGSNQPQHF,2,0.000127632
CASSAYREGTYGYTF,2,0.000127632
CASSPPGRSYEQYF,2,0.000127632
CASSFGRSNYGYTF,2,0.000127632
CASSSDRGPYGYTF,2,0.000127632
CAISELGGAKETQYF,2,0.000127632
CSARGGLAGGPTDTQYF,2,0.000127632
CASSSLGANNSPLHF,2,0.000127632
CASSVDIAGGREAFF,2,0.000127632
CASSQQAAGVVEQYF,2,0.000127632
CASSHVRGPSYEQYF,2,0.000127632
CASSHFAGPTYEQYF,2,0.000127632
CASSLRPGEGSPLHF,2,0.000127632
CASSPLMINTGELFF,2,0.000127632
CASSFLVSNQPQHF,2,0.000127632
CASSQGWAEETQYF,2,0.000127632
CASRRLPEGDTEAFF,2,0.000127632
CASSQWGKLGEGYTF,2,0.000127632
CASSQTPSAGNTIYF,2,0.000127632
CASRDSPSGANVLTF,2,0.000127632
CASSFLGPTDTQYF,2,0.000127632
CASSSLGPTDTQYF,2,0.000127632
CASSRQGRAETQYF,2,0.000127632
CASSPPPGAEEQYF,2,0.000127632
CASSQDGVSGDGAFF,2,0.000127632
CASSPGTARQGYTF,2,0.000127632
CASSWTGSLYEQYF,2,0.000127632
CATSDTSGVPTGELFF,2,0.000127632
CASSGAGTGPYEQYF,2,0.000127632
CASRPGGGAGNEQFF,2,0.000127632
CASSLAGREGTQYF,2,0.000127632
CASSELGGGANVLTF,2,0.000127632
CASSEYAGSNTEAFF,2,0.000127632
CASSLVGQGSYEQYF,2,0.000127632
CSASRTSGSPGHEQYF,2,0.000127632
CASSLGQGGYEQYF,2,0.000127632
CASNQGGSNQPQHF,2,0.000127632
CASSYSVRGPEQFF,2,0.000127632
CASSVDAGMQPQHF,2,0.000127632
CASRGQVNTGELFF,2,0.000127632
CASSLEGLNEKLFF,2,0.000127632
CASTPGHLNTEAFF,2,0.000127632
CATRSTSVNNEQFF,2,0.000127632
CATSKYRENTEAFF,2,0.000127632
CASSPVDRFYEQYF,2,0.000127632
CASSLDRGETQYF,2,0.000127632
CASSWDRQETQYF,2,0.000127632
CASSSDRGETQYF,2,0.000127632
CASSSGSIPHEQYF,2,0.000127632
CASSLGGPYEQYF,2,0.000127632
CASSSGSFYGYTF,2,0.000127632
CASSSDRAGQPQHF,2,0.000127632
CASRPGQRNEKLFF,2,0.000127632
CASSPDSSNQPQHF,2,0.000127632
CASSQETGNYGYTF,2,0.000127632
CASRTGVSVGGYTF,2,0.000127632
CASSFWGGSYEQYF,2,0.000127632
CASSLYGNTEAFF,2,0.000127632
CATDRGVSGYGYTF,2,0.000127632
CASTRDRNQPQHF,2,0.000127632
CASSRGPYYNEQFF,2,0.000127632
CASSPWGVSQPQHF,2,0.000127632
CASSPRGLSTEAFF,2,0.000127632
CASSWDLGQPQHF,2,0.000127632
CASSLMGFTEAFF,2,0.000127632
CSAELAGGLPTDTQYF,2,0.000127632
CASRLGRDTDTQYF,2,0.000127632
CASNRDSPREKLFF,2,0.000127632
CATLDGVFNSPLHF,2,0.000127632
CASSLSWGNTEAFF,2,0.000127632
CASSPDRASGYTF,2,0.000127632
CASSREQRGYEQYF,2,0.000127632
CATSPAGKYQPQHF,2,0.000127632
CASGLGSVDEQYF,2,0.000127632
CATGLAGSLEQYF,2,0.000127632
CSAYRSVASSYNEQFF,2,0.000127632
CSARSRGTSGAYEQYF,2,0.000127632
CASSLGLGDYGYTF,2,0.000127632
CASSLRAGDYGYTF,2,0.000127632
CASSSRQGRDEQYF,2,0.000127632
CASSQRTGIGYTF,2,0.000127632
CASSLADYQETQYF,2,0.000127632
CASRGLGLGTEAFF,2,0.000127632
CASSRGRGEKLFF,2,0.000127632
CASSYTRTRETQYF,2,0.000127632
CASSPGSSYEQYF,2,0.000127632
CASTPWGAGGYTF,2,0.000127632
CAISGRELGETQYF,2,0.000127632
CASATRGTETQYF,2,0.000127632
CSADRTSGGATDTQYF,2,0.000127632
CASRSGQLNTEAFF,2,0.000127632
CASSSGGNRVTQYF,2,0.000127632
CASSLGLAGNEQFF,2,0.000127632
CASSLARDGTQYF,2,0.000127632
CSARDLLAVAKNIQYF,2,0.000127632
CASSYSSSLGELFF,2,0.000127632
CASSLDPGMTQYF,2,0.000127632
CAISERTGGYEQYF,2,0.000127632
CASSYRGGNTEAFF,2,0.000127632
CSARDQEREGTYEQYF,2,0.000127632
CASSPGQGNYEQYF,2,0.000127632
CASSAGTSNEELFF,2,0.000127632
CASSDSSGANVLTF,2,0.000127632
CASSDWGAQETQYF,2,0.000127632
CASSFMSPEQFF,2,0.000127632
CSARAPYGGLYEQYF,2,0.000127632
CASSNGQNTEAFF,2,0.000127632
CASQLGTRTEAFF,2,0.000127632
CAWSVRTSVYNEQFF,2,0.000127632
CASSVYSKETQYF,2,0.000127632
CASSLAVNTEAFF,2,0.000127632
CASSPLRYNEQFF,2,0.000127632
CASTTSSDNEQFF,2,0.000127632
CASSLDRKREQYF,2,0.000127632
CASSFYGGNGYTF,2,0.000127632
CSASNRGHPGTEAFF,2,0.000127632
CASSSGGGQPQHF,2,0.000127632
CASSRRGANVLTF,2,0.000127632
CSAKLAGSSYNEQFF,2,0.000127632
CSASGTGASTDTQYF,2,0.000127632
CAWSPGLAGGDEQFF,2,0.000127632
CATSRHPDTEAFF,2,0.000127632
CASTNTSGTEAFF,2,0.000127632
CASSPDVNYGYTF,2,0.000127632
CASSPQAPDLQYF,2,0.000127632
CASSPGRSYGYTF,2,0.000127632
CASSPASTDTQYF,2,0.000127632
CATSASNTGELFF,2,0.000127632
CASSEGRGEQFF,2,0.000127632
CASRGEADTQYF,2,0.000127632
CASWTGVNSPLHF,2,0.000127632
CASSIHGEYGYTF,2,0.000127632
CASSESVYGSQHF,2,0.000127632
CASSDPGQETQYF,2,0.000127632
CSASALAGGGNEQFF,2,0.000127632
CASNRAARETQYF,2,0.000127632
CASSQDWRNTIYF,2,0.000127632
CASSDRGSETQYF,2,0.000127632
CSASPLNTNLNIQYF,2,0.000127632
CASTGTALNEQYF,2,0.000127632
CASSYGGRETQYF,2,0.000127632
CASSPPGTDTQYF,2,0.000127632
CASSLGPTEQYF,2,0.000127632
CASSFQGFTEAFF,2,0.000127632
CASTEGPYNEQFF,2,0.000127632
CASSLARGYEQYF,2,0.000127632
CASRGGGASEQYF,2,0.000127632
CASRFRQDTEAFF,2,0.000127632
CASSDSNTGELFF,2,0.000127632
CASSYSGPNEQFF,2,0.000127632
CASSYSERMELFF,2,0.000127632
CASSQILPEAFF,2,0.000127632
CASSFSTEAFF,2,0.000127632
CASSSPGQGQYF,2,0.000127632
CSGSGERGTDTQYF,2,0.000127632
CACPNEGPRYGYTF,2,0.000127632
CATMGVGQPQHF,2,0.000127632
CASKLGWGALHF,2,0.000127632
CASSSVYNEQFF,2,0.000127632
CASREGLAKAF,2,0.000127632
CSARRGGYTGELFF,2,0.000127632
CSVDRLAGRYEQYF,2,0.000127632
CASSYVDQPQHF,2,0.000127632
CASSQASQPQHF,2,0.000127632
CASSRDGYEQYF,2,0.000127632
CATSDGITEAFF,2,0.000127632
CSARVASGSDEQYF,2,0.000127632
CSVDSGRAYNEQFF,2,0.000127632
CASSLTNVEQFF,2,0.000127632
CASSFSGNEQFF,2,0.000127632
CSAVRGAPSYEQYF,2,0.000127632
CSAFETGGGTEAFF,2,0.000127632
CSARDRQGIPEAFF,2,0.000127632
CSVDLAGGPGELFF,2,0.000127632
CAWSVGDSNSPLHF,2,0.000127632
CASSAGGGEQYF,2,0.000127632
CSAPQAGARNEQFF,2,0.000127632
CSASEGFQNTEAFF,2,0.000127632
CASSMTDYEQYF,2,0.000127632
CSPASGGETDTQYF,2,0.000127632
CASTLHGELFF,2,0.000127632
CSARVGVPTEQFF,2,0.000127632
CSARGPVIYGYTF,2,0.000127632
CSVERRGADTQYF,2,0.000127632
CSVDRGAQETQYF,2,0.000127632
CSARAGGPGELFF,2,0.000127632
CSPADPTTGELFF,2,0.000127632
CASSQRGEAFF,2,0.000127632
CSAGPRAPPQQFF,2,0.000127632
CASSQGETQYF,2,0.000127632
CASSPSYEQYF,2,0.000127632
CSAPLVRTPEQFF,2,0.000127632
CSARIGVGNTIYF,2,0.000127632
CAWTSPGGDGQYF,2,0.000127632
CSVLQGVNTEAFF,2,0.000127632
CSALGWSNTEAFF,2,0.000127632
CSGGLGGNQPQHF,2,0.000127632
CSAGGISGNTIYF,2,0.000127632
CASHLESEQYF,2,0.000127632
CSARGGAKETQYF,2,0.000127632
CSASPDHQPQHF,2,0.000127632
CSAHGLAETQYF,2,0.000127632
CSAQQTAETQYF,2,0.000127632
CAWGPDQDQYF,2,0.000127632
CASSQEDLNTEAFF,2,0.000127632
CASSRGHLYNEQFF,2,0.000127632
CASSLPRIDSPLHF,2,0.000127632
CASSYSFQGSYEQYF,2,0.000127632
CASSKWDRRTEAFF,2,0.000127632
CASSLPTGVGATNEKLFF,2,0.000127632
CASSPPPSGGLYNEQFF,2,0.000127632
CASSPPWDRGRGTQYF,2,0.000127632
CASSPVAGQGYNEQFF,2,0.000127632
CASSGKGPRGSGNTIYF,2,0.000127632
CASSLSGPNTGELFF,2,0.000127632
CASSLNGGDRSTQYF,2,0.000127632
CASSYSSERMNTEAFF,2,0.000127632
CASSPDMLLQTQYF,2,0.000127632
CATDVLSAPGDEQYF,2,0.000127632
CASSRRGAMVQPQHF,2,0.000127632
CASRETGTATDTQYF,2,0.000127632
CASSQTVIMNTEAFF,2,0.000127632
CASTEAGTAGQPQHF,2,0.000127632
CASSLAEGNQPQHF,2,0.000127632
CASSLGTGGHNEQFF,2,0.000127632
CASRAGGGTDTQYF,2,0.000127632
CASRLAVSTDTQYF,2,0.000127632
CASSFAGGYNEQFF,2,0.000127632
CASSSAESSYEQYF,2,0.000127632
CASSTDRAVEQYF,2,0.000127632
CASSQDGANSGQPQHF,2,0.000127632
CASSRTENTEAFF,2,0.000127632
CAGSTGAQFYGYTF,2,0.000127632
CASSLDWISEQFF,2,0.000127632
CSARDKPTGSTDTIYF,2,0.000127632
CASRRRRGDSPLHF,2,0.000127632
CASSEDSYGYTF,2,0.000127632
CASSPDRIEQYF,2,0.000127632
CASSQAGTGELFF,2,0.000127632
CASSPDTGELFF,2,0.000127632
CSAGGATGGIDTQYF,2,0.000127632
CSVEGSGQGWDTQYF,2,0.000127632
CASSFPTEYHHF,2,0.000127632
CSARGTGDSPLHF,2,0.000127632
CSARGQGFYEQYF,2,0.000127632
CAWSAPEVYGYTF,2,0.000127632
CASRVAGVNTGELFF,2,0.000127632
CASSDWQGVTETQYF,2,0.000127632
